timestamp,user_id,ip_address,country,success,os
2026-04-25 08:15:23,USR001,192.168.1.45,United States,True,Windows
2026-04-25 08:22:47,USR002,10.0.0.12,United States,True,Linux
2026-04-25 08:31:15,USR003,172.16.0.88,Canada,True,macOS
2026-04-25 08:45:02,USR004,203.45.67.89,Australia,False,Windows
2026-04-25 09:02:33,USR005,185.22.33.44,Germany,True,Linux
2026-04-25 09:18:56,USR001,192.168.1.45,United States,True,Windows
2026-04-25 09:35:41,USR006,213.54.67.12,United Kingdom,True,macOS
2026-04-25 09:52:14,USR002,10.0.0.12,United States,True,Linux
2026-04-25 10:08:29,USR007,118.90.102.55,Japan,False,Windows
2026-04-25 10:25:37,USR003,172.16.0.88,Canada,True,macOS
2026-04-25 10:42:19,USR008,220.100.45.23,India,True,Linux
2026-04-25 11:05:44,USR004,203.45.67.89,Australia,True,Windows
2026-04-25 11:23:52,USR009,195.34.56.78,France,True,Windows
2026-04-25 11:41:28,USR005,185.22.33.44,Germany,False,Linux
2026-04-25 12:04:15,USR010,161.202.43.54,Mexico,True,Windows
2026-04-25 12:22:06,USR006,213.54.67.12,United Kingdom,True,macOS
2026-04-25 12:39:33,USR001,192.168.1.150,United States,True,Windows
2026-04-25 13:01:47,USR007,118.90.102.55,Japan,True,Linux
2026-04-25 13:19:25,USR011,41.138.55.89,South Africa,True,Windows
2026-04-25 13:37:14,USR002,10.0.0.12,United States,True,Linux
2026-04-25 14:02:38,USR012,190.45.123.67,Brazil,True,macOS
2026-04-25 14:20:45,USR003,172.16.0.88,Canada,True,Windows
2026-04-25 14:38:52,USR008,220.100.45.23,India,False,Linux
2026-04-25 15:01:33,USR004,203.45.67.89,Australia,True,macOS
2026-04-25 15:22:19,USR009,195.34.56.78,France,True,Windows
2026-04-25 15:40:28,USR010,161.202.43.54,Mexico,True,Linux
2026-04-25 16:05:14,USR005,185.22.33.44,Germany,True,Windows
2026-04-25 16:23:41,USR006,213.54.67.12,United Kingdom,False,macOS
2026-04-25 16:42:09,USR013,103.220.145.78,Singapore,True,Linux
2026-04-25 17:01:55,USR011,41.138.55.89,South Africa,True,Windows
2026-04-25 17:19:32,USR012,190.45.123.67,Brazil,True,macOS
2026-04-25 17:38:14,USR001,192.168.1.45,United States,True,Windows
2026-04-25 18:02:47,USR007,118.90.102.90,Japan,True,Linux
2026-04-25 18:20:25,USR014,175.34.212.45,Thailand,True,Windows
2026-04-25 18:39:08,USR002,10.0.0.12,United States,False,Linux
2026-04-25 19:01:33,USR003,172.16.0.88,Canada,True,macOS
2026-04-25 19:22:14,USR015,212.45.89.34,Italy,True,Windows
2026-04-25 19:40:52,USR008,220.100.45.23,India,True,Linux
2026-04-25 20:05:29,USR009,195.34.56.78,France,True,macOS
2026-04-25 20:23:41,USR010,161.202.43.54,Mexico,True,Windows
2026-04-25 20:42:18,USR004,203.45.67.89,Australia,True,Linux
2026-04-25 21:01:56,USR013,103.220.145.78,Singapore,True,macOS
2026-04-25 21:19:34,USR005,185.22.33.44,Germany,True,Windows
2026-04-25 21:38:09,USR006,213.54.67.12,United Kingdom,True,Linux
2026-04-25 22:02:47,USR011,41.138.55.89,South Africa,False,Windows
2026-04-25 22:20:15,USR012,190.45.123.67,Brazil,True,macOS
2026-04-25 22:39:42,USR014,175.34.212.45,Thailand,True,Windows
2026-04-25 23:01:28,USR007,118.90.102.55,Japan,True,Linux
2026-04-25 23:22:33,USR015,212.45.89.34,Italy,True,Windows
2026-04-25 23:40:19,USR001,192.168.1.45,United States,True,macOS
